{
  "version": 1,
  "author": "Anonymous maker",
  "editor": "wokwi",
  "parts": [
    { "type": "wokwi-arduino-nano", "id": "nano", "top": 52.8, "left": -29.3, "attrs": {} },
    { "type": "wokwi-mpu6050", "id": "imu1", "top": -53.78, "left": 11.92, "attrs": {} },
    {
      "type": "wokwi-led",
      "id": "led1",
      "top": -3.6,
      "left": -25,
      "rotate": 180,
      "attrs": { "color": "green" }
    }
  ],
  "connections": [
    [ "imu1:VCC", "nano:5V", "red", [ "v-9.6", "h76.88", "v201.6", "h-67.2" ] ],
    [ "imu1:GND", "nano:GND.1", "black", [ "v-19.2", "h96.08", "v192", "h-57.6" ] ],
    [ "imu1:SDA", "nano:A4", "green", [ "v-28.8", "h-86.32", "v211.2", "h86.4" ] ],
    [ "imu1:SCL", "nano:A5", "green", [ "v-19.2", "h-105.52", "v211.2", "h105.6" ] ],
    [ "nano:13", "led1:A", "green", [ "v-9.6", "h-38.4", "v-67.2" ] ],
    [ "led1:C", "nano:GND.2", "green", [ "v14.8", "h38.4" ] ]
  ],
  "dependencies": {}
}